<aars>
  <explodeData>
    <aar>android.arch.core.common-1.0.0</aar>
    <modificationTime>0001-01-01T00:00:00</modificationTime>
    <explode>false</explode>
    <bundleId>com.younaship.piquiz</bundleId>
    <path>Assets/Plugins/Android/android.arch.core.common-1.0.0.jar</path>
    <availableAbis>universal</availableAbis>
    <targetAbi>armeabi-v7a,x86</targetAbi>
    <gradleBuildEnabled>true</gradleBuildEnabled>
    <gradleExport>false</gradleExport>
    <gradleTemplate>false</gradleTemplate>
    <ignoredVersion />
  </explodeData>
  <explodeData>
    <aar>android.arch.lifecycle.common-1.0.0</aar>
    <modificationTime>0001-01-01T00:00:00</modificationTime>
    <explode>false</explode>
    <bundleId>com.younaship.piquiz</bundleId>
    <path>Assets/Plugins/Android/android.arch.lifecycle.common-1.0.0.jar</path>
    <availableAbis>universal</availableAbis>
    <targetAbi>armeabi-v7a,x86</targetAbi>
    <gradleBuildEnabled>true</gradleBuildEnabled>
    <gradleExport>false</gradleExport>
    <gradleTemplate>false</gradleTemplate>
    <ignoredVersion />
  </explodeData>
  <explodeData>
    <aar>android.arch.lifecycle.runtime-1.0.0</aar>
    <modificationTime>2019-06-13T15:30:29.0915542+09:00</modificationTime>
    <explode>false</explode>
    <bundleId>com.younaship.piquiz</bundleId>
    <path>Assets/Plugins/Android/android.arch.lifecycle.runtime-1.0.0.aar</path>
    <availableAbis>universal</availableAbis>
    <targetAbi>armeabi-v7a,x86</targetAbi>
    <gradleBuildEnabled>true</gradleBuildEnabled>
    <gradleExport>false</gradleExport>
    <gradleTemplate>false</gradleTemplate>
    <ignoredVersion />
  </explodeData>
  <explodeData>
    <aar>com.android.support.customtabs-26.1.0</aar>
    <modificationTime>2019-06-13T15:30:29.1044965+09:00</modificationTime>
    <explode>false</explode>
    <bundleId>com.younaship.piquiz</bundleId>
    <path>Assets/Plugins/Android/com.android.support.customtabs-26.1.0.aar</path>
    <availableAbis>universal</availableAbis>
    <targetAbi>armeabi-v7a,x86</targetAbi>
    <gradleBuildEnabled>true</gradleBuildEnabled>
    <gradleExport>false</gradleExport>
    <gradleTemplate>false</gradleTemplate>
    <ignoredVersion />
  </explodeData>
  <explodeData>
    <aar>com.android.support.support-annotations-26.1.0</aar>
    <modificationTime>0001-01-01T00:00:00</modificationTime>
    <explode>false</explode>
    <bundleId>com.younaship.piquiz</bundleId>
    <path>Assets/Plugins/Android/com.android.support.support-annotations-26.1.0.jar</path>
    <availableAbis>universal</availableAbis>
    <targetAbi>armeabi-v7a,x86</targetAbi>
    <gradleBuildEnabled>true</gradleBuildEnabled>
    <gradleExport>false</gradleExport>
    <gradleTemplate>false</gradleTemplate>
    <ignoredVersion />
  </explodeData>
  <explodeData>
    <aar>com.android.support.support-compat-26.1.0</aar>
    <modificationTime>2019-06-13T15:30:29.3061419+09:00</modificationTime>
    <explode>false</explode>
    <bundleId>com.younaship.piquiz</bundleId>
    <path>Assets/Plugins/Android/com.android.support.support-compat-26.1.0.aar</path>
    <availableAbis>universal</availableAbis>
    <targetAbi>armeabi-v7a,x86</targetAbi>
    <gradleBuildEnabled>true</gradleBuildEnabled>
    <gradleExport>false</gradleExport>
    <gradleTemplate>false</gradleTemplate>
    <ignoredVersion />
  </explodeData>
  <explodeData>
    <aar>com.android.support.support-core-ui-26.1.0</aar>
    <modificationTime>2019-06-13T15:30:29.3288313+09:00</modificationTime>
    <explode>false</explode>
    <bundleId>com.younaship.piquiz</bundleId>
    <path>Assets/Plugins/Android/com.android.support.support-core-ui-26.1.0.aar</path>
    <availableAbis>universal</availableAbis>
    <targetAbi>armeabi-v7a,x86</targetAbi>
    <gradleBuildEnabled>true</gradleBuildEnabled>
    <gradleExport>false</gradleExport>
    <gradleTemplate>false</gradleTemplate>
    <ignoredVersion />
  </explodeData>
  <explodeData>
    <aar>com.android.support.support-core-utils-26.1.0</aar>
    <modificationTime>2019-06-13T15:30:29.3457849+09:00</modificationTime>
    <explode>false</explode>
    <bundleId>com.younaship.piquiz</bundleId>
    <path>Assets/Plugins/Android/com.android.support.support-core-utils-26.1.0.aar</path>
    <availableAbis>universal</availableAbis>
    <targetAbi>armeabi-v7a,x86</targetAbi>
    <gradleBuildEnabled>true</gradleBuildEnabled>
    <gradleExport>false</gradleExport>
    <gradleTemplate>false</gradleTemplate>
    <ignoredVersion />
  </explodeData>
  <explodeData>
    <aar>com.android.support.support-fragment-26.1.0</aar>
    <modificationTime>2019-06-13T15:30:29.3587509+09:00</modificationTime>
    <explode>false</explode>
    <bundleId>com.younaship.piquiz</bundleId>
    <path>Assets/Plugins/Android/com.android.support.support-fragment-26.1.0.aar</path>
    <availableAbis>universal</availableAbis>
    <targetAbi>armeabi-v7a,x86</targetAbi>
    <gradleBuildEnabled>true</gradleBuildEnabled>
    <gradleExport>false</gradleExport>
    <gradleTemplate>false</gradleTemplate>
    <ignoredVersion />
  </explodeData>
  <explodeData>
    <aar>com.android.support.support-media-compat-26.1.0</aar>
    <modificationTime>2019-06-13T15:30:29.3727439+09:00</modificationTime>
    <explode>false</explode>
    <bundleId>com.younaship.piquiz</bundleId>
    <path>Assets/Plugins/Android/com.android.support.support-media-compat-26.1.0.aar</path>
    <availableAbis>universal</availableAbis>
    <targetAbi>armeabi-v7a,x86</targetAbi>
    <gradleBuildEnabled>true</gradleBuildEnabled>
    <gradleExport>false</gradleExport>
    <gradleTemplate>false</gradleTemplate>
    <ignoredVersion />
  </explodeData>
  <explodeData>
    <aar>com.android.support.support-v4-26.1.0</aar>
    <modificationTime>2019-06-13T15:30:29.3877041+09:00</modificationTime>
    <explode>false</explode>
    <bundleId>com.younaship.piquiz</bundleId>
    <path>Assets/Plugins/Android/com.android.support.support-v4-26.1.0.aar</path>
    <availableAbis>universal</availableAbis>
    <targetAbi>armeabi-v7a,x86</targetAbi>
    <gradleBuildEnabled>true</gradleBuildEnabled>
    <gradleExport>false</gradleExport>
    <gradleTemplate>false</gradleTemplate>
    <ignoredVersion />
  </explodeData>
  <explodeData>
    <aar>com.google.android.gms.play-services-ads-17.2.0</aar>
    <modificationTime>2019-06-13T15:30:29.4076477+09:00</modificationTime>
    <explode>false</explode>
    <bundleId>com.younaship.piquiz</bundleId>
    <path>Assets/Plugins/Android/com.google.android.gms.play-services-ads-17.2.0.aar</path>
    <availableAbis>universal</availableAbis>
    <targetAbi>armeabi-v7a,x86</targetAbi>
    <gradleBuildEnabled>true</gradleBuildEnabled>
    <gradleExport>false</gradleExport>
    <gradleTemplate>false</gradleTemplate>
    <ignoredVersion />
  </explodeData>
  <explodeData>
    <aar>com.google.android.gms.play-services-ads-base-17.2.0</aar>
    <modificationTime>2019-06-13T15:30:29.4375402+09:00</modificationTime>
    <explode>false</explode>
    <bundleId>com.younaship.piquiz</bundleId>
    <path>Assets/Plugins/Android/com.google.android.gms.play-services-ads-base-17.2.0.aar</path>
    <availableAbis>universal</availableAbis>
    <targetAbi>armeabi-v7a,x86</targetAbi>
    <gradleBuildEnabled>true</gradleBuildEnabled>
    <gradleExport>false</gradleExport>
    <gradleTemplate>false</gradleTemplate>
    <ignoredVersion />
  </explodeData>
  <explodeData>
    <aar>com.google.android.gms.play-services-ads-identifier-16.0.0</aar>
    <modificationTime>2019-06-13T15:30:29.4684577+09:00</modificationTime>
    <explode>false</explode>
    <bundleId>com.younaship.piquiz</bundleId>
    <path>Assets/Plugins/Android/com.google.android.gms.play-services-ads-identifier-16.0.0.aar</path>
    <availableAbis>universal</availableAbis>
    <targetAbi>armeabi-v7a,x86</targetAbi>
    <gradleBuildEnabled>true</gradleBuildEnabled>
    <gradleExport>false</gradleExport>
    <gradleTemplate>false</gradleTemplate>
    <ignoredVersion />
  </explodeData>
  <explodeData>
    <aar>com.google.android.gms.play-services-ads-lite-17.2.0</aar>
    <modificationTime>2019-06-13T15:31:08.2702519+09:00</modificationTime>
    <explode>false</explode>
    <bundleId>com.younaship.piquiz</bundleId>
    <path>Assets/Plugins/Android/com.google.android.gms.play-services-ads-lite-17.2.0.aar</path>
    <availableAbis>universal</availableAbis>
    <targetAbi>armeabi-v7a,x86</targetAbi>
    <gradleBuildEnabled>true</gradleBuildEnabled>
    <gradleExport>false</gradleExport>
    <gradleTemplate>false</gradleTemplate>
    <ignoredVersion />
  </explodeData>
  <explodeData>
    <aar>com.google.android.gms.play-services-basement-16.0.1</aar>
    <modificationTime>2019-06-13T15:30:29.5886482+09:00</modificationTime>
    <explode>false</explode>
    <bundleId>com.younaship.piquiz</bundleId>
    <path>Assets/Plugins/Android/com.google.android.gms.play-services-basement-16.0.1.aar</path>
    <availableAbis>universal</availableAbis>
    <targetAbi>armeabi-v7a,x86</targetAbi>
    <gradleBuildEnabled>true</gradleBuildEnabled>
    <gradleExport>false</gradleExport>
    <gradleTemplate>false</gradleTemplate>
    <ignoredVersion />
  </explodeData>
  <explodeData>
    <aar>com.google.android.gms.play-services-gass-17.2.0</aar>
    <modificationTime>2019-06-13T15:30:29.6056041+09:00</modificationTime>
    <explode>false</explode>
    <bundleId>com.younaship.piquiz</bundleId>
    <path>Assets/Plugins/Android/com.google.android.gms.play-services-gass-17.2.0.aar</path>
    <availableAbis>universal</availableAbis>
    <targetAbi>armeabi-v7a,x86</targetAbi>
    <gradleBuildEnabled>true</gradleBuildEnabled>
    <gradleExport>false</gradleExport>
    <gradleTemplate>false</gradleTemplate>
    <ignoredVersion />
  </explodeData>
  <explodeData>
    <aar>com.google.android.gms.play-services-measurement-base-16.3.0</aar>
    <modificationTime>2019-06-13T15:30:29.6185688+09:00</modificationTime>
    <explode>false</explode>
    <bundleId>com.younaship.piquiz</bundleId>
    <path>Assets/Plugins/Android/com.google.android.gms.play-services-measurement-base-16.3.0.aar</path>
    <availableAbis>universal</availableAbis>
    <targetAbi>armeabi-v7a,x86</targetAbi>
    <gradleBuildEnabled>true</gradleBuildEnabled>
    <gradleExport>false</gradleExport>
    <gradleTemplate>false</gradleTemplate>
    <ignoredVersion />
  </explodeData>
  <explodeData>
    <aar>com.google.android.gms.play-services-measurement-sdk-api-16.3.0</aar>
    <modificationTime>2019-06-13T15:30:29.6604599+09:00</modificationTime>
    <explode>false</explode>
    <bundleId>com.younaship.piquiz</bundleId>
    <path>Assets/Plugins/Android/com.google.android.gms.play-services-measurement-sdk-api-16.3.0.aar</path>
    <availableAbis>universal</availableAbis>
    <targetAbi>armeabi-v7a,x86</targetAbi>
    <gradleBuildEnabled>true</gradleBuildEnabled>
    <gradleExport>false</gradleExport>
    <gradleTemplate>false</gradleTemplate>
    <ignoredVersion />
  </explodeData>
</aars>